INSERT INTO gruppen (gruppen_id, name, standort_id, beschreibung, kapazitaet) VALUES
(1, 'Sonnenschein-Gruppe', 1, 'Gruppe für 3-5-Jährige in Berlin', 10),
(2, 'Sternenlicht-Gruppe', 1, 'Gruppe für 2-4-Jährige in Berlin', 10),
(3, 'Wiesenblumen-Gruppe', 1, 'Gruppe für 3-5-Jährige in Berlin', 10),
(4, 'Himmelblau-Gruppe', 1, 'Gruppe für 2-4-Jährige in Berlin', 10),
(5, 'Sonnenvogel-Gruppe', 1, 'Gruppe für 3-5-Jährige in Berlin', 10),
(6, 'Regenbogen-Gruppe', 2, 'Gruppe für 2-4-Jährige in München', 10),
(7, 'Wolkenzauber-Gruppe', 2, 'Gruppe für 3-5-Jährige in München', 10),
(8, 'Sternschnuppe-Gruppe', 2, 'Gruppe für 2-4-Jährige in München', 10),
(9, 'Mondlicht-Gruppe', 2, 'Gruppe für 3-5-Jährige in München', 10),
(10, 'Himmelswind-Gruppe', 2, 'Gruppe für 2-4-Jährige in München', 10);

INSERT INTO eltern (eltern_id, vorname, nachname, telefon, email, adresse, login_berechtigung, passwort_hash) VALUES
(1, 'Klara', 'Schmidt', '0309876543', 'klara.schmidt@example.com', 'Hauptstraße 12, 10115 Berlin', 0, NULL),
(2, 'Thomas', 'Schmidt', '0309876544', 'thomas.schmidt@example.com', 'Hauptstraße 12, 10115 Berlin', 0, NULL),
(3, 'Lisa', 'Müller', '0301239876', 'lisa.mueller@example.com', 'Goethestraße 3, 10117 Berlin', 0, NULL),
(4, 'Markus', 'Müller', '0301239877', 'markus.mueller@example.com', 'Goethestraße 3, 10117 Berlin', 0, NULL),
(5, 'Michael', 'Fischer', '0301112223', 'michael.fischer@example.com', 'Berliner Allee 5, 10117 Berlin', 0, NULL),
(6, 'Sophie', 'Fischer', '0301112224', 'sophie.fischer@example.com', 'Berliner Allee 5, 10117 Berlin', 0, NULL),
(7, 'Sophie', 'Weber', '0894567890', 'sophie.weber@example.com', 'Schillerstraße 7, 80331 München', 0, NULL),
(8, 'Johannes', 'Weber', '0894567891', 'johannes.weber@example.com', 'Schillerstraße 7, 80331 München', 0, NULL),
(9, 'Julia', 'Meyer', '0302223334', 'julia.meyer@example.com', 'Kurfürstenstraße 9, 10785 Berlin', 0, NULL),
(10, 'Thomas', 'Meyer', '0302223335', 'thomas.meyer@example.com', 'Kurfürstenstraße 9, 10785 Berlin', 0, NULL),
(11, 'Petra', 'Wagner', '0304445556', 'petra.wagner@example.com', 'Reinhardtstraße 18, 10115 Berlin', 0, NULL),
(12, 'Dirk', 'Wagner', '0304445557', 'dirk.wagner@example.com', 'Reinhardtstraße 18, 10115 Berlin', 0, NULL),
(13, 'Monika', 'Bauer', '0306667778', 'monika.bauer@example.com', 'Zehdenicker Str. 4, 10119 Berlin', 0, NULL),
(14, 'Andreas', 'Bauer', '0306667779', 'andreas.bauer@example.com', 'Zehdenicker Str. 4, 10119 Berlin', 0, NULL),
(15, 'Claudia', 'Richter', '0308889990', 'claudia.richter@example.com', 'Torstraße 30, 10119 Berlin', 0, NULL),
(16, 'Stefan', 'Richter', '0308889991', 'stefan.richter@example.com', 'Torstraße 30, 10119 Berlin', 0, NULL),
(17, 'Eva', 'Schäfer', '0303334445', 'eva.schaefer@example.com', 'Invalidenstraße 25, 10115 Berlin', 0, NULL),
(18, 'Gregor', 'Schäfer', '0303334446', 'gregor.schaefer@example.com', 'Invalidenstraße 25, 10115 Berlin', 0, NULL),
(19, 'Birgit', 'Koch', '0305556667', 'birgit.koch@example.com', 'Friedrichstraße 45, 10117 Berlin', 0, NULL),
(20, 'Peter', 'Koch', '0305556668', 'peter.koch@example.com', 'Friedrichstraße 45, 10117 Berlin', 0, NULL),
(21, 'Monika', 'Schwarz', '0307778889', 'monika.schwarz@example.com', 'Charlottenstraße 50, 10117 Berlin', 0, NULL),
(22, 'Wolfgang', 'Schwarz', '0307778890', 'wolfgang.schwarz@example.com', 'Charlottenstraße 50, 10117 Berlin', 0, NULL),
(23, 'Ute', 'Zimmermann', '0309990001', 'ute.zimmermann@example.com', 'Kantstraße 44, 10627 Berlin', 0, NULL),
(24, 'Heiko', 'Zimmermann', '0309990002', 'heiko.zimmermann@example.com', 'Kantstraße 44, 10627 Berlin', 0, NULL),
(25, 'Petra', 'Schmitt', '0301213141', 'petra.schmitt@example.com', 'Hardenbergstraße 12, 10623 Berlin', 0, NULL),
(26, 'Rolf', 'Schmitt', '0301213142', 'rolf.schmitt@example.com', 'Hardenbergstraße 12, 10623 Berlin', 0, NULL),
(27, 'Ursula', 'Lange', '0891010101', 'ursula.lange@example.com', 'Ludwigstraße 25, 80333 München', 0, NULL),
(28, 'Valentin', 'Zimmer', '0891010102', 'valentin.zimmer@example.com', 'Ludwigstraße 25, 80333 München', 0, NULL),
(29, 'Wiebke', 'Lorenz', '0891010103', 'wiebke.lorenz@example.com', 'Ludwigstraße 25, 80333 München', 0, NULL),
(30, 'Xaver', 'Gebhardt', '0891010104', 'xaver.gebhardt@example.com', 'Ludwigstraße 25, 80333 München', 0, NULL),
(31, 'Yvonne', 'Ott', '0891010105', 'yvonne.ott@example.com', 'Ludwigstraße 25, 80333 München', 0, NULL),
(32, 'Zara', 'Roth', '0891010106', 'zara.roth@example.com', 'Ludwigstraße 25, 80333 München', 0, NULL),
(33, 'Anton', 'Bach', '0891010107', 'anton.bach@example.com', 'Ludwigstraße 25, 80333 München', 0, NULL),
(34, 'Britta', 'Voss', '0891010108', 'britta.voss@example.com', 'Ludwigstraße 25, 80333 München', 0, NULL),
(35, 'Clemens', 'Seifert', '0891010109', 'clemens.seifert@example.com', 'Ludwigstraße 25, 80333 München', 0, NULL),
(36, 'Dora', 'Heß', '0891010110', 'dora.hess@example.com', 'Ludwigstraße 25, 80333 München', 0, NULL),
(37, 'Emil', 'Zahn', '0892020201', 'emil.zahn@example.com', 'Theresienstraße 14, 80333 München', 0, NULL),
(38, 'Franziska', 'Hoffmann', '0892020202', 'franziska.hoffmann@example.com', 'Theresienstraße 14, 80333 München', 0, NULL),
(39, 'Gustav', 'Reinhardt', '0892020203', 'gustav.reinhardt@example.com', 'Theresienstraße 14, 80333 München', 0, NULL),
(40, 'Helena', 'Kaiser', '0892020204', 'helena.kaiser@example.com', 'Theresienstraße 14, 80333 München', 0, NULL),
(41, 'Ismael', 'Thiel', '0892020205', 'ismael.thiel@example.com', 'Theresienstraße 14, 80333 München', 0, NULL),
(42, 'Jasmin', 'Voigt', '0892020206', 'jasmin.voigt@example.com', 'Theresienstraße 14, 80333 München', 0, NULL),
(43, 'Kevin', 'Dreher', '0892020207', 'kevin.dreher@example.com', 'Theresienstraße 14, 80333 München', 0, NULL),
(44, 'Lara', 'Klose', '0892020208', 'lara.klose@example.com', 'Theresienstraße 14, 80333 München', 0, NULL),
(45, 'Malik', 'Arndt', '0892020209', 'malik.arndt@example.com', 'Theresienstraße 14, 80333 München', 0, NULL),
(46, 'Nina', 'Gerber', '0892020210', 'nina.gerber@example.com', 'Theresienstraße 14, 80333 München', 0, NULL),
(47, 'Oliwia', 'Walter', '0893030301', 'oliwia.walter@example.com', 'Feierstraße 8, 80331 München', 0, NULL),
(48, 'Pascal', 'Hahn', '0893030302', 'pascal.hahn@example.com', 'Feierstraße 8, 80331 München', 0, NULL),
(49, 'Queenie', 'Funk', '0893030303', 'queenie.funk@example.com', 'Feierstraße 8, 80331 München', 0, NULL),
(50, 'Rico', 'Bernd', '0893030304', 'rico.bernd@example.com', 'Feierstraße 8, 80331 München', 0, NULL),
(51, 'Sina', 'Arnold', '0893030305', 'sina.arnold@example.com', 'Feierstraße 8, 80331 München', 0, NULL),
(52, 'Tom', 'Groß', '0893030306', 'tom.gross@example.com', 'Feierstraße 8, 80331 München', 0, NULL),
(53, 'Umut', 'Lorenz', '0893030307', 'umut.lorenz@example.com', 'Feierstraße 8, 80331 München', 0, NULL),
(54, 'Vera', 'Köhler', '0893030308', 'vera.koehler@example.com', 'Feierstraße 8, 80331 München', 0, NULL),
(55, 'Wolf', 'Baum', '0893030309', 'wolf.baum@example.com', 'Feierstraße 8, 80331 München', 0, NULL),
(56, 'Xena', 'Witt', '0893030310', 'xena.witt@example.com', 'Feierstraße 8, 80331 München', 0, NULL),
(57, 'Alina', 'Winter', '0894040401', 'alina.winter@example.com', 'Bayerstraße 10, 80331 München', 0, NULL),
(58, 'Benedikt', 'Mann', '0894040402', 'benedikt.mann@example.com', 'Bayerstraße 10, 80331 München', 0, NULL),
(59, 'Carla', 'Stahl', '0894040403', 'carla.stahl@example.com', 'Bayerstraße 10, 80331 München', 0, NULL),
(60, 'Deniz', 'Maurer', '0894040404', 'deniz.maurer@example.com', 'Bayerstraße 10, 80331 München', 0, NULL),
(61, 'Elisa', 'Kühne', '0894040405', 'elisa.kuehne@example.com', 'Bayerstraße 10, 80331 München', 0, NULL),
(62, 'Felix', 'Meißner', '0894040406', 'felix.meissner@example.com', 'Bayerstraße 10, 80331 München', 0, NULL),
(63, 'Greta', 'Urban', '0894040407', 'greta.urban@example.com', 'Bayerstraße 10, 80331 München', 0, NULL),
(64, 'Hannes', 'Strauss', '0894040408', 'hannes.strauss@example.com', 'Bayerstraße 10, 80331 München', 0, NULL),
(65, 'Ida', 'Lenz', '0894040409', 'ida.lenz@example.com', 'Bayerstraße 10, 80331 München', 0, NULL),
(66, 'Anna', 'Schneider', '0892223334', 'anna.schneider@example.com', 'Bayerstraße 10, 80331 München', 0, NULL);

INSERT INTO kinder (kind_id, vorname, nachname, geburtsdatum, standort_id, anwesenheit, entwicklungsangaben, gruppen_id) VALUES
(1, 'Anna', 'Schmidt', '2020-03-15', 1, '2025-07-14: Anwesend 08:00-15:00', 'Sprachentwicklung fortgeschritten', 1),
(2, 'Ben', 'Müller', '2019-08-22', 1, '2025-07-14: Anwesend 07:30-14:00', 'Soziale Interaktion gut', 1),
(3, 'Clara', 'Fischer', '2020-01-10', 1, '2025-07-14: Anwesend 09:00-16:00', NULL, 1),
(4, 'David', 'Weber', '2020-05-12', 1, '2025-07-14: Anwesend 08:00-15:00', 'Motorik gut', 1),
(5, 'Emma', 'Meyer', '2019-11-03', 1, '2025-07-14: Anwesend 07:30-14:00', NULL, 1),
(6, 'Finn', 'Wagner', '2020-07-20', 1, '2025-07-14: Anwesend 08:00-15:00', 'Kreativ', 1),
(7, 'Greta', 'Bauer', '2020-02-14', 1, '2025-07-14: Anwesend 09:00-16:00', NULL, 1),
(8, 'Hannah', 'Richter', '2019-09-09', 1, '2025-07-14: Anwesend 08:00-15:00', 'Soziale Interaktion gut', 1),
(9, 'Igor', 'Schäfer', '2020-04-25', 1, '2025-07-14: Anwesend 07:30-14:00', NULL, 1),
(10, 'Jana', 'Koch', '2020-06-18', 1, '2025-07-14: Anwesend 08:00-15:00', 'Sprachentwicklung fortgeschritten', 1),
(11, 'Karl', 'Schwarz', '2021-02-10', 1, '2025-07-14: Anwesend 08:00-14:00', NULL, 2),
(12, 'Lena', 'Zimmermann', '2021-03-15', 1, '2025-07-14: Anwesend 08:00-15:00', 'Kreativ', 2),
(13, 'Mia', 'Schmitt', '2021-01-20', 1, '2025-07-14: Anwesend 09:00-16:00', NULL, 2),
(14, 'Nico', 'Lang', '2021-04-05', 1, '2025-07-14: Anwesend 08:00-15:00', 'Motorik gut', 2),
(15, 'Paula', 'Graf', '2021-06-25', 1, '2025-07-14: Anwesend 07:30-14:00', NULL, 2),
(16, 'Quentin', 'Hartmann', '2021-02-28', 1, '2025-07-14: Anwesend 08:00-15:30', NULL, 2),
(17, 'Rosa', 'Lorenz', '2021-05-30', 1, '2025-07-14: Anwesend 09:00-16:00', 'Sprachentwicklung fortgeschritten', 2),
(18, 'Simon', 'Arnold', '2021-07-12', 1, '2025-07-14: Anwesend 08:00-15:00', NULL, 2),
(19, 'Tina', 'Kühn', '2021-03-03', 1, '2025-07-14: Anwesend 07:45-14:30', 'Soziale Interaktion gut', 2),
(20, 'Uwe', 'Voigt', '2021-08-01', 1, '2025-07-14: Anwesend 08:00-15:00', NULL, 2),
(21, 'Vera', 'Krüger', '2020-11-11', 1, '2025-07-14: Anwesend 08:00-15:00', 'Kreativ', 3),
(22, 'Willi', 'Brandt', '2019-12-30', 1, '2025-07-14: Anwesend 07:30-14:00', NULL, 3),
(23, 'Xenia', 'Franke', '2020-02-02', 1, '2025-07-14: Anwesend 08:00-15:30', NULL, 3),
(24, 'Yasmin', 'Berger', '2019-10-19', 1, '2025-07-14: Anwesend 09:00-16:00', 'Sprachentwicklung gut', 3),
(25, 'Zeno', 'Klein', '2020-06-14', 1, '2025-07-14: Anwesend 08:00-15:00', NULL, 3),
(26, 'Amira', 'Seidel', '2019-07-17', 1, '2025-07-14: Anwesend 08:00-14:00', 'Motorik gut', 3),
(27, 'Bastian', 'Horn', '2020-01-29', 1, '2025-07-14: Anwesend 07:30-14:30', NULL, 3),
(28, 'Chiara', 'Kaiser', '2020-03-18', 1, '2025-07-14: Anwesend 08:00-15:00', NULL, 3),
(29, 'Dario', 'Voß', '2020-05-06', 1, '2025-07-14: Anwesend 09:00-16:00', 'Kreativ', 3),
(30, 'Eva', 'Peters', '2020-04-10', 1, '2025-07-14: Anwesend 08:00-15:00', NULL, 3),
(31, 'Aaron', 'Meier', '2020-02-14', 1, '2025-07-14: Anwesend 08:00-15:00', NULL, 4),
(32, 'Bianca', 'Vogel', '2019-10-08', 1, '2025-07-14: Anwesend 09:00-16:00', 'Kreativ', 4),
(33, 'Can', 'Dietrich', '2020-04-21', 1, '2025-07-14: Anwesend 07:30-14:00', NULL, 4),
(34, 'Diana', 'Keller', '2020-06-03', 1, '2025-07-14: Anwesend 08:00-15:00', 'Motorik gut', 4),
(35, 'Elif', 'Martin', '2019-11-15', 1, '2025-07-14: Anwesend 08:30-15:30', NULL, 4),
(36, 'Fabian', 'Ludwig', '2020-05-12', 1, '2025-07-14: Anwesend 08:00-14:30', NULL, 4),
(37, 'Giulia', 'Böhm', '2020-01-07', 1, '2025-07-14: Anwesend 09:00-16:00', 'Sprachentwicklung gut', 4),
(38, 'Henrik', 'Busch', '2020-03-29', 1, '2025-07-14: Anwesend 08:00-15:00', NULL, 4),
(39, 'Isabel', 'Albrecht', '2020-06-25', 1, '2025-07-14: Anwesend 07:45-14:15', NULL, 4),
(40, 'Jonas', 'Kurz', '2019-12-11', 1, '2025-07-14: Anwesend 08:00-15:00', 'Soziale Interaktion gut', 4),
(41, 'Kira', 'Heinrich', '2020-01-05', 1, '2025-07-14: Anwesend 09:00-16:00', NULL, 5),
(42, 'Leo', 'Fritsch', '2020-03-18', 1, '2025-07-14: Anwesend 08:00-15:00', 'Motorik gut', 5),
(43, 'Mila', 'Berndt', '2019-10-27', 1, '2025-07-14: Anwesend 07:30-14:00', NULL, 5),
(44, 'Nils', 'Becker', '2020-02-22', 1, '2025-07-14: Anwesend 08:00-15:30', 'Kreativ', 5),
(45, 'Oskar', 'Jäger', '2020-05-09', 1, '2025-07-14: Anwesend 08:30-15:00', NULL, 5),
(46, 'Pia', 'Simon', '2020-06-01', 1, '2025-07-14: Anwesend 09:00-16:00', NULL, 5),
(47, 'Quinn', 'Möller', '2020-04-17', 1, '2025-07-14: Anwesend 08:00-14:30', 'Sprachentwicklung fortgeschritten', 5),
(48, 'Rafael', 'Maier', '2020-07-03', 1, '2025-07-14: Anwesend 07:30-14:00', NULL, 5),
(49, 'Sophie', 'Kunz', '2020-02-05', 1, '2025-07-14: Anwesend 08:00-15:00', NULL, 5),
(50, 'Tim', 'Scholz', '2019-11-20', 1, '2025-07-14: Anwesend 08:00-15:30', 'Soziale Interaktion gut', 5),
(51, 'Noah', 'Schneider', '2021-05-05', 2, '2025-07-14: Anwesend 08:00-15:00', 'Motorik gut', 6),
(52, 'Olivia', 'Fischer', '2020-12-12', 2, '2025-07-14: Anwesend 07:30-14:00', NULL, 6),
(53, 'Paul', 'Neumann', '2021-01-01', 2, '2025-07-14: Anwesend 08:00-15:30', 'Kreativ', 6),
(54, 'Quirin', 'Berg', '2020-09-09', 2, '2025-07-14: Anwesend 09:00-16:00', NULL, 6),
(55, 'Rita', 'Engel', '2021-04-04', 2, '2025-07-14: Anwesend 08:00-15:00', NULL, 6),
(56, 'Sami', 'Lorenz', '2021-06-06', 2, '2025-07-14: Anwesend 07:30-14:00', 'Sprachentwicklung gut', 6),
(57, 'Tanja', 'Arnold', '2020-10-10', 2, '2025-07-14: Anwesend 08:00-15:30', NULL, 6),
(58, 'Ulla', 'Kuhn', '2021-03-03', 2, '2025-07-14: Anwesend 09:00-16:00', NULL, 6),
(59, 'Viktor', 'Scholz', '2021-05-15', 2, '2025-07-14: Anwesend 08:00-15:00', NULL, 6),
(60, 'Wanda', 'Ziegler', '2021-07-07', 2, '2025-07-14: Anwesend 07:30-14:00', 'Motorik gut', 6),
(61, 'Ursula', 'Lange', '2021-05-05', 2, '2025-07-14: Anwesend 08:00-15:00', NULL, 7),
(62, 'Valentin', 'Zimmer', '2021-03-03', 2, '2025-07-14: Anwesend 07:30-14:00', 'Kreativ', 7),
(63, 'Wiebke', 'Lorenz', '2021-06-12', 2, '2025-07-14: Anwesend 09:00-16:00', NULL, 7),
(64, 'Xaver', 'Gebhardt', '2021-02-24', 2, '2025-07-14: Anwesend 08:00-15:00', 'Motorik gut', 7),
(65, 'Yvonne', 'Ott', '2021-07-19', 2, '2025-07-14: Anwesend 07:30-14:00', NULL, 7),
(66, 'Zara', 'Roth', '2021-01-30', 2, '2025-07-14: Anwesend 08:00-15:30', NULL, 7),
(67, 'Anton', 'Bach', '2021-04-15', 2, '2025-07-14: Anwesend 08:30-15:00', NULL, 7),
(68, 'Britta', 'Voss', '2021-05-22', 2, '2025-07-14: Anwesend 09:00-16:00', 'Sprachentwicklung gut', 7),
(69, 'Clemens', 'Seifert', '2021-06-10', 2, '2025-07-14: Anwesend 08:00-15:00', NULL, 7),
(70, 'Dora', 'Heß', '2021-03-01', 2, '2025-07-14: Anwesend 07:45-14:15', NULL, 7),
(71, 'Emil', 'Zahn', '2021-01-09', 2, '2025-07-14: Anwesend 08:00-15:00', NULL, 8),
(72, 'Franziska', 'Hoffmann', '2021-03-21', 2, '2025-07-14: Anwesend 07:30-14:00', NULL, 8),
(73, 'Gustav', 'Reinhardt', '2021-04-28', 2, '2025-07-14: Anwesend 08:00-15:30', 'Motorik gut', 8),
(74, 'Helena', 'Kaiser', '2021-05-14', 2, '2025-07-14: Anwesend 09:00-16:00', NULL, 8),
(75, 'Ismael', 'Thiel', '2021-02-19', 2, '2025-07-14: Anwesend 08:00-15:00', 'Kreativ', 8),
(76, 'Jasmin', 'Voigt', '2021-06-26', 2, '2025-07-14: Anwesend 07:30-14:00', NULL, 8),
(77, 'Kevin', 'Dreher', '2021-07-13', 2, '2025-07-14: Anwesend 08:30-15:00', NULL, 8),
(78, 'Lara', 'Klose', '2021-03-08', 2, '2025-07-14: Anwesend 09:00-16:00', 'Soziale Interaktion gut', 8),
(79, 'Malik', 'Arndt', '2021-05-01', 2, '2025-07-14: Anwesend 08:00-15:00', NULL, 8),
(80, 'Nina', 'Gerber', '2021-02-05', 2, '2025-07-14: Anwesend 07:30-14:00', NULL, 8),
(81, 'Oliwia', 'Walter', '2021-06-05', 2, '2025-07-14: Anwesend 08:00-15:00', 'Sprachentwicklung fortgeschritten', 9),
(82, 'Pascal', 'Hahn', '2021-07-22', 2, '2025-07-14: Anwesend 09:00-16:00', NULL, 9),
(83, 'Queenie', 'Funk', '2021-01-16', 2, '2025-07-14: Anwesend 08:00-15:00', NULL, 9),
(84, 'Rico', 'Bernd', '2021-05-25', 2, '2025-07-14: Anwesend 08:30-15:00', NULL, 9),
(85, 'Sina', 'Arnold', '2021-02-13', 2, '2025-07-14: Anwesend 07:30-14:00', 'Kreativ', 9),
(86, 'Tom', 'Groß', '2021-04-17', 2, '2025-07-14: Anwesend 08:00-15:30', NULL, 9),
(87, 'Umut', 'Lorenz', '2021-03-10', 2, '2025-07-14: Anwesend 09:00-16:00', NULL, 9),
(88, 'Vera', 'Köhler', '2021-06-19', 2, '2025-07-14: Anwesend 08:00-15:00', NULL, 9),
(89, 'Wolf', 'Baum', '2021-02-28', 2, '2025-07-14: Anwesend 07:30-14:00', NULL, 9),
(90, 'Xena', 'Witt', '2021-03-29', 2, '2025-07-14: Anwesend 08:00-15:00', 'Soziale Interaktion gut', 9),
(91, 'Alina', 'Winter', '2021-01-14', 2, '2025-07-14: Anwesend 09:00-16:00', NULL, 10),
(92, 'Benedikt', 'Mann', '2021-04-20', 2, '2025-07-14: Anwesend 08:00-15:00', NULL, 10),
(93, 'Carla', 'Stahl', '2021-06-23', 2, '2025-07-14: Anwesend 07:30-14:00', 'Motorik gut', 10),
(94, 'Deniz', 'Maurer', '2021-03-31', 2, '2025-07-14: Anwesend 08:00-15:30', NULL, 10),
(95, 'Elisa', 'Kühne', '2021-05-08', 2, '2025-07-14: Anwesend 09:00-16:00', NULL, 10),
(96, 'Felix', 'Meißner', '2021-02-26', 2, '2025-07-14: Anwesend 08:00-15:00', 'Sprachentwicklung gut', 10),
(97, 'Greta', 'Urban', '2021-07-01', 2, '2025-07-14: Anwesend 07:30-14:00', NULL, 10),
(98, 'Hannes', 'Strauss', '2021-06-06', 2, '2025-07-14: Anwesend 08:00-15:30', NULL, 10),  (99, 'Ida', 'Lenz', '2021-03-02', 2, '2025-07-14: Anwesend 09:00-16:00', 'Kreativ', 10),
(100, 'Zoe', 'Weber', '2021-03-22', 2, '2025-07-14: Anwesend 09:00-16:00', 'Soziale Interaktion gut', 10);

INSERT INTO kinder_eltern (kind_id, eltern_id) VALUES
(1, 1),(1, 2),(2, 3),(2, 4),(3, 5),(3, 6),(4, 7),(4, 8),(5, 9),(5, 10),
(6, 11),(6, 12),(7, 13),(7, 14),(8, 15),(8, 16),(9, 17),(9, 18),(10, 19),(10, 20),
(11, 21),(11, 22),(12, 23),(12, 24),(13, 25),(13, 26),(14, 27),(14, 28),(15, 29),(15, 30),
(16, 31),(16, 32),(17, 33),(17, 34),(18, 35),(18, 36),(19, 37),(19, 38),(20, 39),(20, 40),
(21, 41),(21, 42),(22, 43),(22, 44),(23, 45),(23, 46),(24, 47),(24, 48),(25, 49),(25, 50),
(26, 51),(26, 52),(27, 53),(27, 54),(28, 55),(28, 56),(29, 57),(29, 58),(30, 59),(30, 60),
(31, 1),(31, 2),(32, 3),(32, 4),(33, 5),(33, 6),(34, 7),(34, 8),(35, 9),(35, 10),
(36, 11),(36, 12),(37, 13),(37, 14),(38, 15),(38, 16),(39, 17),(39, 18),(40, 19),(40, 20),
(41, 21),(41, 22),(42, 23),(42, 24),(43, 25),(43, 26),(44, 27),(44, 28),(45, 29),(45, 30),
(46, 31),(46, 32),(47, 33),(47, 34),(48, 35),(48, 36),(49, 37),(49, 38),(50, 60);

INSERT INTO mitarbeiter (vorname, nachname, standort_id, email, telefon, rolle, login_berechtigung, passwort_hash) VALUES
('Maria', 'Bauer', 1, 'maria.bauer@sonnenstrahl.de', '0301112223', 'Erzieherin', 0, NULL),
('Peter', 'Fischer', 1, 'peter.fischer@sonnenstrahl.de', '0304445556', 'Erzieher', 0, NULL),
('Sophie', 'Schmitt', 1, 'sophie.schmitt@sonnenstrahl.de', '0307778889', 'Erzieherin', 0, NULL),
('Laura', 'Meier', 1, 'laura.meier@sonnenstrahl.de', '0302223334', 'Erzieherin', 0, NULL),
('Thomas', 'Weber', 1, 'thomas.weber@sonnenstrahl.de', '0305556667', 'Erzieher', 0, NULL),
('Anna', 'Richter', 1, 'anna.richter@sonnenstrahl.de', '0308889990', 'Erzieherin', 0, NULL),
('Lukas', 'Becker', 1, 'lukas.becker@sonnenstrahl.de', '0301113335', 'Erzieher', 0, NULL),
('Mira', 'Neumann', 1, 'mira.neumann@sonnenstrahl.de', '0302224446', 'Erzieherin', 0, NULL),
('David', 'Krüger', 1, 'david.krueger@sonnenstrahl.de', '0303335557', 'Erzieher', 0, NULL),
('Isabell', 'Wolf', 1, 'isabell.wolf@sonnenstrahl.de', '0304446668', 'Erzieherin', 0, NULL),
('Jonas', 'Klein', 1, 'jonas.klein@sonnenstrahl.de', '0305557779', 'Erzieher', 0, NULL),
('Lilly', 'Hartmann', 1, 'lilly.hartmann@sonnenstrahl.de', '0306668880', 'Erzieherin', 0, NULL),
('Timo', 'Scholz', 1, 'timo.scholz@sonnenstrahl.de', '0307779991', 'Erzieher', 0, NULL),
('Nora', 'Lange', 1, 'nora.lange@sonnenstrahl.de', '0308880002', 'Erzieherin', 0, NULL),
('Jan', 'Graf', 1, 'jan.graf@sonnenstrahl.de', '0309991113', 'Erzieher', 0, NULL),
('Klara', 'Schwarz', 1, 'klara.schwarz@sonnenstrahl.de', '0301231234', 'Leiterin', 0, NULL),
('Emma', 'Koch', 1, 'emma.koch@sonnenstrahl.de', '0304564567', 'Putzfrau', 0, NULL),
('Lena', 'Schäfer', 1, 'lena.schaefer@sonnenstrahl.de', '0307897890', 'Putzfrau', 0, NULL),
('Julia', 'Schneider', 2, 'julia.schneider@regenbogen.de', '0891112223', 'Erzieherin', 0, NULL),
('Michael', 'Müller', 2, 'michael.mueller@regenbogen.de', '0894445556', 'Erzieher', 0, NULL),
('Clara', 'Wagner', 2, 'clara.wagner@regenbogen.de', '0897778889', 'Erzieherin', 0, NULL),
('Elena', 'Maier', 2, 'elena.maier@regenbogen.de', '0892223334', 'Erzieherin', 0, NULL),
('Noah', 'Seidel', 2, 'noah.seidel@regenbogen.de', '0895556667', 'Erzieher', 0, NULL),
('Lina', 'Voigt', 2, 'lina.voigt@regenbogen.de', '0898889990', 'Erzieherin', 0, NULL),
('Ben', 'Arnold', 2, 'ben.arnold@regenbogen.de', '0891114445', 'Erzieher', 0, NULL),
('Amelie', 'Kurz', 2, 'amelie.kurz@regenbogen.de', '0892225556', 'Erzieherin', 0, NULL),
('Max', 'Berger', 2, 'max.berger@regenbogen.de', '0893336667', 'Erzieher', 0, NULL),
('Emily', 'Lorenz', 2, 'emily.lorenz@regenbogen.de', '0894447778', 'Erzieherin', 0, NULL),
('Leon', 'Franke', 2, 'leon.franke@regenbogen.de', '0895558889', 'Erzieher', 0, NULL),
('Pauline', 'Böhm', 2, 'pauline.boehm@regenbogen.de', '0896669990', 'Erzieherin', 0, NULL),
('Moritz', 'Simon', 2, 'moritz.simon@regenbogen.de', '0897770001', 'Erzieher', 0, NULL),
('Nina', 'Peters', 2, 'nina.peters@regenbogen.de', '0898881112', 'Erzieherin', 0, NULL),
('Fabian', 'Jung', 2, 'fabian.jung@regenbogen.de', '0899992223', 'Erzieher', 0, NULL),
('Sabine', 'Bauer', 2, 'sabine.bauer@regenbogen.de', '0891231234', 'Leiterin', 0, NULL),
('Hannah', 'Fischer', 2, 'hannah.fischer@regenbogen.de', '0894564567', 'Putzfrau', 0, NULL),
('Mia', 'Weber', 2, 'mia.weber@regenbogen.de', '0897897890', 'Putzfrau', 0, NULL);

INSERT INTO mitarbeiter_planung (planung_id, mitarbeiter_id, gruppen_id, start_zeit, end_zeit, urlaubszeit, status, kommentar) VALUES
(1, 1, 1, '2025-07-15 08:00:00', '2025-07-15 16:00:00', 0, 'GEBUCHT', NULL),
(2, 2, 1, '2025-07-15 07:30:00', '2025-07-15 15:30:00', 0, 'GEBUCHT', NULL),
(3, 3, 1, '2025-07-15 09:00:00', '2025-07-15 17:00:00', 0, 'GEBUCHT', NULL),
(4, 4, 2, '2025-07-15 08:00:00', '2025-07-15 16:00:00', 0, 'GEBUCHT', NULL),
(5, 5, 2, '2025-07-15 07:30:00', '2025-07-15 15:30:00', 0, 'GEBUCHT', NULL),
(6, 6, 2, '2025-07-15 09:00:00', '2025-07-15 17:00:00', 0, 'GEBUCHT', NULL),
(7, 7, 3, '2025-07-15 08:00:00', '2025-07-15 16:00:00', 0, 'GEBUCHT', NULL),
(8, 8, 3, '2025-07-15 07:30:00', '2025-07-15 15:30:00', 0, 'GEBUCHT', NULL),
(9, 9, 3, '2025-07-15 09:00:00', '2025-07-15 17:00:00', 0, 'GEBUCHT', NULL),
(10, 10, 4, '2025-07-15 08:00:00', '2025-07-15 16:00:00', 0, 'GEBUCHT', NULL),
(11, 11, 4, '2025-07-15 07:30:00', '2025-07-15 15:30:00', 0, 'GEBUCHT', NULL),
(12, 12, 4, '2025-07-15 09:00:00', '2025-07-15 17:00:00', 0, 'GEBUCHT', NULL),
(13, 13, 5, '2025-07-15 08:00:00', '2025-07-15 16:00:00', 0, 'GEBUCHT', NULL),
(14, 14, 5, '2025-07-15 07:30:00', '2025-07-15 15:30:00', 0, 'GEBUCHT', NULL),
(15, 15, 5, '2025-07-15 09:00:00', '2025-07-15 17:00:00', 0, 'GEBUCHT', NULL),
(16, 16, NULL, '2025-07-15 08:00:00', '2025-07-15 16:00:00', 0, 'GEBUCHT', 'Leitungstätigkeiten'),
(17, 17, NULL, '2025-07-15 06:00:00', '2025-07-15 10:00:00', 0, 'GEBUCHT', 'Reinigung Vormittag'),
(18, 18, NULL, '2025-07-15 14:00:00', '2025-07-15 18:00:00', 0, 'GEBUCHT', 'Reinigung Nachmittag'),
(19, 19, 6, '2025-07-15 08:00:00', '2025-07-15 16:00:00', 0, 'GEBUCHT', NULL),
(20, 20, 6, '2025-07-15 07:30:00', '2025-07-15 15:30:00', 0, 'GEBUCHT', NULL),
(21, 21, 6, '2025-07-15 09:00:00', '2025-07-15 17:00:00', 0, 'GEBUCHT', NULL),
(22, 22, 7, '2025-07-15 08:00:00', '2025-07-15 16:00:00', 0, 'GEBUCHT', NULL),
(23, 23, 7, '2025-07-15 07:30:00', '2025-07-15 15:30:00', 0, 'GEBUCHT', NULL),
(24, 24, 7, '2025-07-15 09:00:00', '2025-07-15 17:00:00', 0, 'GEBUCHT', NULL),
(25, 25, 8, '2025-07-15 08:00:00', '2025-07-15 16:00:00', 0, 'GEBUCHT', NULL),
(26, 26, 8, '2025-07-15 07:30:00', '2025-07-15 15:30:00', 0, 'GEBUCHT', NULL),
(27, 27, 8, '2025-07-15 09:00:00', '2025-07-15 17:00:00', 0, 'GEBUCHT', NULL),
(28, 28, 9, '2025-07-15 08:00:00', '2025-07-15 16:00:00', 0, 'GEBUCHT', NULL),
(29, 29, 9, '2025-07-15 07:30:00', '2025-07-15 15:30:00', 0, 'GEBUCHT', NULL),
(30, 30, 9, '2025-07-15 09:00:00', '2025-07-15 17:00:00', 0, 'GEBUCHT', NULL),
(31, 31, 10, '2025-07-15 08:00:00', '2025-07-15 16:00:00', 0, 'GEBUCHT', NULL),
(32, 32, 10, '2025-07-15 07:30:00', '2025-07-15 15:30:00', 0, 'GEBUCHT', NULL),
(33, 33, 10, '2025-07-15 09:00:00', '2025-07-15 17:00:00', 0, 'GEBUCHT', NULL),
(34, 34, NULL, '2025-07-15 08:00:00', '2025-07-15 16:00:00', 0, 'GEBUCHT', 'Leitungstätigkeiten'),
(35, 35, NULL, '2025-07-15 06:00:00', '2025-07-15 10:00:00', 0, 'GEBUCHT', 'Reinigung Vormittag'),
(36, 36, NULL, '2025-07-15 14:00:00', '2025-07-15 18:00:00', 0, 'GEBUCHT', 'Reinigung Nachmittag');